LGA/Ring/SD NAME,Mar-90,Jun-90,Sep-90,Dec-90,Mar-91,Jun-91,Sep-91,Dec-91,Mar-92,Jun-92,Sep-92,Dec-92,Mar-93,Jun-93,Sep-93,Dec-93,Mar-94,Jun-94,Sep-94,Dec-94,Mar-95,Jun-95,Sep-95,Dec-95,Mar-96,Jun-96,Sep-96,Dec-96,Mar-97,Jun-97,Sep-97,Dec-97,Mar-98,Jun-98,Sep-98,Dec-98,Mar-99,Jun-99,Sep-99,Dec-99,Mar-00,Jun-00,Sep-00,Dec-00,Mar-01,Jun-01,Sep-01,Dec-01,Mar-02,Jun-02,Sep-02,Dec-02,Mar-03,Jun-03,Sep-03,Dec-03,Mar-04,Jun-04,Sep-04,Dec-04,Mar-05,Jun-05,Sep-05,Dec-05,Mar-06,Jun-06,Sep-06,Dec-06,Mar-07,Jun-07,Sep-07,Dec-07,Mar-08,Jun-08,Sep-08,Dec-08,Mar-09,Jun-09,Sep-09,Dec-09,Mar-10,Jun-10,Sep-10,Dec-10,Mar-11,Jun-11,Sep-11,Dec-11,Mar-12,Jun-12,Sep-12,Dec-12,Mar-13,Jun-13,Sep-13,Dec-13,Mar-14,Jun-14,Sep-14
GREATER SYDNEY,39542,37311,108382,36346,40521,37497,39508,37446,40430,38108,40299,38102,42490,38445,41556,39678,43942,40169,43614,39789,44437,39951,43415,40987,45884,42049,44378,42525,44187,45566,46836,44457,47113,44604,47876,44805,47859,44885,47630,46350,48023,45959,46705,45153,51592,47946,50743,49632,51006,49388,53778,50164,52946,48241,53387,51098,52709,47681,52053,49395,49870,48496,51015,48287,50129,45995,49492,46972,46778,43671,46276,44009,42312,41522,44334,41310,42568,41948,44715,41980,42413,41319,45081,42090,41930,41178,45163,42078,44825,42089,46950,45278,44593,44669,48247,45986,44816,44628,49042
Inner Ring,14411,13101,13298,13121,15122,13427,14152,13433,15254,13355,14383,13374,15689,13261,14437,13627,15828,13690,15226,13821,15979,13177,14824,13775,16264,14237,15377,14732,15970,15704,16398,15551,17119,15326,17137,16129,17601,15559,16826,16179,17485,15932,16468,16381,19704,16984,18842,18770,20077,18424,19936,18526,20101,16997,19630,18070,20115,16984,19309,18234,19496,17361,18961,17800,19307,16276,18106,16913,17292,15202,16890,15899,15857,15000,16347,14647,15907,14876,16609,15415,15828,14774,16470,14992,15392,14376,16143,14735,16070,14463,16691,15917,16043,15088,16750,15646,16072,14737,17106
Ashfield,804,739,709,776,859,785,849,730,846,731,781,756,804,719,743,713,819,707,718,694,707,565,685,631,730,646,629,649,684,633,686,664,773,684,759,669,719,621,737,661,684,620,667,674,784,606,708,699,831,702,826,776,865,713,770,749,784,615,697,695,745,626,709,658,733,625,668,606,679,572,589,594,585,523,572,556,549,506,577,592,608,518,553,521,560,530,557,523,631,539,591,597,623,507,592,593,552,549,603
Botany Bay,411,315,338,375,396,347,349,367,395,369,351,354,399,335,376,336,394,370,373,353,358,278,311,314,343,324,319,353,340,326,406,380,392,380,380,341,419,343,366,412,395,338,326,337,424,365,391,386,447,414,365,388,451,361,411,331,403,332,354,300,469,341,418,403,441,379,367,358,397,354,324,342,298,272,372,364,339,322,350,356,358,280,321,380,463,350,380,347,401,358,417,532,479,476,474,516,577,394,626
Lane Cove,465,427,426,410,480,434,450,398,472,414,442,382,554,428,440,383,454,401,461,443,528,426,499,407,485,438,453,429,484,419,439,464,508,386,490,457,457,397,435,455,441,408,389,390,638,485,439,484,524,497,430,418,492,492,479,431,432,362,415,394,474,387,371,372,486,348,372,391,399,353,361,372,333,339,346,360,367,362,353,374,358,335,356,324,327,326,375,339,379,337,368,313,340,314,373,331,386,402,413
Leichhardt,950,797,867,811,1008,915,893,802,994,915,916,881,1008,885,924,818,1031,865,948,852,948,831,865,823,1028,1194,1008,832,929,896,997,921,1053,955,1120,1001,1187,993,1122,1101,1161,1133,1042,1124,1231,1297,1216,1235,1212,1153,1238,1221,1277,1096,1148,1162,1243,1129,1195,1085,1160,1052,1120,1053,1106,965,1039,1059,1001,928,957,917,882,920,911,891,946,933,943,909,970,870,975,946,859,856,982,860,942,875,952,905,941,835,977,893,889,814,945
Marrickville,1547,1399,1450,1419,1632,1474,1476,1413,1607,1407,1492,1289,1552,1427,1435,1397,1603,1310,1408,1303,1691,1254,1415,1350,1556,1445,1363,1463,1517,1514,1520,1530,1631,1446,1504,1478,1717,1448,1531,1508,1676,1465,1366,1440,1637,1552,1433,1500,1620,1658,1811,1523,1829,1655,1795,1522,1849,1623,1684,1408,1651,1542,1552,1504,1527,1417,1529,1434,1443,1295,1320,1373,1370,1258,1206,1173,1358,1228,1258,1256,1302,1222,1354,1164,1263,1218,1365,1284,1400,1228,1441,1415,1355,1373,1341,1335,1433,1363,1427
Mosman,504,537,525,533,544,588,533,476,546,527,535,514,532,474,533,489,539,486,548,483,528,488,546,502,538,514,495,514,509,527,610,496,536,491,579,548,502,536,552,540,542,528,521,515,579,536,614,574,620,541,622,584,516,547,583,528,508,489,547,567,492,489,514,492,479,459,484,468,475,410,476,404,399,441,476,416,406,457,480,441,408,448,482,416,420,425,445,415,410,433,501,460,422,403,434,423,420,368,442
North Sydney,1747,1872,1779,1709,2029,1754,1866,1763,2060,1850,1891,1755,2041,1817,1910,1735,2096,1901,2014,1920,2083,1832,2000,1764,2107,1846,2014,1928,2059,1999,2001,2025,2157,1939,2130,1967,2070,2014,2113,1913,2115,2009,2017,1990,2435,2145,2175,2099,2250,2134,2180,2112,2239,1886,2148,1895,2165,1982,1959,2099,2139,2068,2019,1907,2026,1877,2001,1802,1920,1767,1959,1765,1824,1675,1904,1665,1778,1696,1944,1785,1788,1672,1889,1711,1596,1694,1727,1607,1770,1574,1827,1744,1783,1662,1791,1688,1799,1724,1717
Randwick,2223,1799,1806,1912,2360,1685,1967,1948,2341,1731,2037,1790,2624,1594,2028,1958,2474,1775,2243,1960,2377,1760,2001,1867,2227,1890,1978,2019,2329,2273,2238,2096,2578,2142,2212,2098,2605,1929,2081,2084,2559,1923,2203,1979,2806,1949,2390,2312,2689,2036,2687,2337,2942,1903,2524,2192,2843,1899,2518,2165,2672,1872,2464,2211,2631,1921,2363,2131,2501,1788,2241,1930,2283,1843,2139,1896,2217,1810,2192,1975,2212,1857,2177,1958,2220,1787,2214,1891,2235,1795,2044,1944,2187,1880,2138,2027,2128,1738,2145
Sydney,2853,2599,2622,2489,2894,2756,2808,2690,3154,2733,2944,2969,3284,2917,3103,3046,3682,3265,3649,3203,4033,3174,3714,3674,4495,3330,4291,3949,4494,4392,4551,4248,4886,4270,4854,4758,5299,4639,4933,4883,5270,4884,5025,5189,6356,5339,5707,5664,6449,5890,6231,6010,6631,5677,6666,6412,7229,5893,6782,6591,7039,6339,6675,6483,7234,5837,6424,6069,6191,5375,5899,5723,5626,5367,5764,5195,5694,5196,5806,5430,5645,5229,5734,5331,5535,5037,5611,5149,5744,5127,6020,5615,5724,5316,6046,5485,5866,5337,6233
Waverley,1657,1540,1632,1578,1635,1523,1761,1666,1633,1508,1786,1524,1695,1499,1767,1586,1604,1551,1702,1491,1561,1487,1630,1405,1609,1574,1706,1561,1605,1644,1843,1633,1548,1672,1993,1749,1603,1625,1831,1541,1544,1585,1859,1672,1672,1631,1931,1781,1620,1600,2345,1896,1694,1659,1998,1715,1597,1635,2009,1847,1586,1660,1993,1729,1604,1486,1848,1592,1373,1439,1762,1471,1370,1457,1633,1250,1313,1423,1691,1336,1309,1406,1611,1274,1260,1276,1486,1318,1238,1286,1532,1378,1259,1379,1551,1318,1126,1209,1486
Woollahra,1250,1077,1144,1109,1285,1166,1200,1180,1206,1170,1208,1160,1196,1166,1178,1166,1132,1059,1162,1119,1165,1082,1158,1038,1146,1036,1121,1035,1020,1081,1107,1094,1057,961,1116,1063,1023,1014,1125,1081,1098,1039,1053,1071,1142,1079,1295,1449,1285,1176,1182,1247,1155,994,1097,1118,1051,1008,1136,1083,1069,985,1126,988,1040,962,1011,1003,913,921,1002,1008,887,905,1024,881,940,943,1015,961,870,937,1018,967,889,877,1001,1002,920,911,998,1014,930,943,1033,1037,896,839,1069
Middle Ring,11404,10568,10402,10277,11415,10714,11290,10750,11251,10576,11219,10664,11478,10474,11311,10643,11967,10875,11600,10691,12171,10719,11369,11259,11900,10996,11609,11295,11679,11814,12315,11794,12596,11655,12285,11861,12410,11646,12419,12373,12628,11939,11981,11587,13387,12548,12796,12514,12995,12415,13942,12853,14074,12653,13704,13262,13754,12349,13851,13192,13219,12990,13387,12622,13230,12167,13300,12560,12309,11629,12176,11772,11121,10746,11441,11165,11144,11297,12292,11511,11975,11383,12300,11798,11981,11342,12321,11842,12704,11725,13007,12915,12852,12533,13525,13182,13165,12990,14154
Auburn,500,540,464,520,570,555,568,517,586,487,529,487,550,504,610,548,578,539,620,550,657,558,534,520,631,545,566,502,622,564,613,636,680,665,650,610,668,572,630,669,792,599,625,574,735,597,667,690,805,697,780,733,786,817,830,841,824,899,919,850,784,918,969,860,954,836,863,963,811,804,847,852,744,760,806,753,758,764,824,803,783,681,814,780,786,872,825,965,853,889,901,1109,925,1043,875,1023,1107,924,966
Bankstown,652,698,678,686,781,688,756,687,694,700,736,745,772,701,858,704,795,814,851,782,875,784,958,865,907,987,882,966,864,944,1002,974,1028,975,1017,1048,958,1048,1047,1099,936,1104,1079,932,978,1102,1137,1073,977,1075,1027,1047,1146,956,1051,1090,1057,1008,1125,1080,1004,1106,1064,1021,979,1043,1075,1075,991,1023,989,939,867,863,884,925,833,935,875,944,848,916,949,932,932,1030,1007,924,1001,959,1066,1098,1036,1048,1225,1054,1036,1043,1199
Burwood,386,359,357,349,390,363,352,374,431,377,402,393,415,362,375,353,472,399,374,382,382,346,372,475,486,355,417,443,417,415,435,450,485,426,471,382,449,415,460,414,403,484,430,420,511,432,522,493,590,516,537,495,638,466,539,483,539,460,471,450,480,436,445,412,405,361,459,409,440,322,375,366,343,313,352,374,324,334,373,381,440,304,430,388,380,327,380,406,495,379,408,398,375,402,627,403,439,395,476
Canterbury,1888,1694,1695,1755,1684,1739,1834,1728,1701,1670,1737,1659,1601,1627,1746,1626,1654,1603,1683,1542,1723,1502,1605,1485,1602,1444,1552,1580,1398,1667,1581,1547,1614,1584,1638,1575,1652,1607,1684,1663,1639,1518,1565,1423,1599,1451,1583,1497,1567,1525,1820,1547,1601,1567,1747,1590,1504,1493,1646,1540,1451,1546,1455,1442,1380,1339,1422,1288,1340,1152,1192,1048,1072,1031,1071,1079,1101,1095,1255,1136,1126,1107,1122,1252,1146,1049,1229,1078,1233,1202,1227,1256,1222,1232,1299,1316,1172,1235,1281
Canada Bay,569,509,582,501,652,559,583,574,590,559,573,520,609,559,582,576,613,592,577,603,633,576,607,580,712,622,603,637,667,652,663,667,749,709,657,678,772,733,881,670,822,749,706,646,841,881,850,834,830,888,918,865,876,840,891,939,989,851,925,974,982,844,935,858,970,864,953,951,884,960,968,1050,879,898,940,1062,1034,968,1073,1010,1088,1010,999,1058,1036,920,1123,961,1154,989,1232,1159,1265,1059,1156,1190,1290,1173,1289
Hunters Hill,74,71,72,70,82,78,68,67,82,58,88,88,82,85,74,83,92,82,95,66,94,76,90,103,103,79,95,79,93,85,115,75,83,84,93,86,83,83,92,80,93,66,83,110,103,91,89,89,94,72,114,88,90,114,99,138,123,92,118,98,113,91,91,89,104,77,97,103,81,93,87,95,89,101,86,65,102,96,101,84,93,79,97,74,80,65,75,55,80,79,88,95,76,66,85,91,78,89,102
Hurstville,628,573,573,590,593,601,583,637,606,595,646,582,641,668,686,631,684,694,713,629,735,647,681,789,660,707,735,656,676,800,790,794,839,646,801,777,750,694,679,758,743,745,726,773,764,818,790,792,824,804,824,828,829,698,819,768,799,673,706,725,683,680,735,678,677,652,728,653,667,613,609,647,551,554,575,557,569,615,612,556,636,615,615,612,638,569,639,594,675,604,633,619,634,573,698,715,795,715,764
Kogarah,430,440,406,445,510,457,479,464,503,447,517,454,492,433,441,485,537,461,527,500,507,432,494,440,490,461,484,468,448,473,539,461,494,426,456,483,490,436,473,504,522,456,510,437,559,497,519,539,507,504,536,539,633,551,564,540,568,483,512,527,501,512,517,495,475,466,466,430,379,449,435,417,405,381,426,382,393,383,407,381,406,465,448,419,430,401,440,463,443,394,485,441,458,401,471,502,463,414,494
Ku-Ring-Gai,532,447,447,448,515,503,482,461,518,479,480,462,543,470,448,504,567,433,489,472,565,471,502,506,518,470,465,512,623,498,501,510,534,490,470,521,549,425,490,493,511,405,449,485,582,463,497,485,528,459,505,455,498,457,487,471,528,425,456,439,497,430,467,447,492,446,471,484,531,432,469,492,530,448,496,558,509,559,636,632,659,540,637,636,620,672,740,612,708,607,711,729,727,618,726,730,766,649,678
Manly,755,685,765,694,783,698,791,711,707,685,794,724,705,693,811,712,726,733,814,653,718,696,794,692,658,709,787,710,670,774,784,787,709,756,764,754,721,724,827,738,758,775,869,870,863,783,1014,927,762,794,1111,803,790,842,996,915,771,758,969,856,637,834,913,863,766,810,925,733,718,729,885,671,648,742,845,655,606,763,865,638,711,695,797,697,676,661,738,672,629,643,800,691,593,697,779,610,572,623,783
Parramatta,1540,1451,1357,1337,1523,1336,1460,1408,1479,1371,1456,1448,1499,1364,1462,1399,1662,1389,1605,1487,1758,1623,1534,1738,1734,1519,1676,1527,1753,1709,1709,1616,1782,1670,1899,1672,1808,1691,1767,1689,1697,1627,1713,1506,1878,1658,1786,1727,1810,1876,1625,1589,1712,1513,1709,1607,1687,1660,1802,1837,1849,1776,1843,1759,1921,1767,2000,1810,1816,1739,1770,1673,1484,1422,1612,1571,1529,1567,1798,1691,1718,1678,1908,1626,1742,1670,1760,1729,1815,1758,1906,1907,1879,1912,1898,1971,1897,2005,2016
Rockdale,992,975,925,904,998,1022,1026,1029,999,1030,1047,947,1009,977,1059,950,1016,958,1019,942,978,880,954,888,1016,981,1031,1019,964,1012,1075,999,1029,1001,1030,1031,1023,961,1087,1145,1119,990,1029,1028,1122,1099,1157,1136,1184,1158,1239,1198,1228,1136,1146,1196,1193,1094,1374,1211,1160,1114,1172,1073,1170,1026,1195,1048,1036,977,995,979,947,930,1009,901,921,945,1010,914,951,977,961,951,948,979,1005,1008,1076,1003,1089,1083,1058,1063,1100,1133,954,1087,1204
Ryde,1349,1218,1182,1130,1255,1175,1274,1111,1328,1152,1237,1121,1375,1121,1144,1096,1425,1149,1235,1093,1371,1058,1237,1140,1240,1068,1240,1143,1209,1237,1295,1178,1350,1196,1238,1115,1316,1110,1105,1255,1193,1156,1050,1108,1368,1336,1204,1198,1418,1203,1192,1159,1433,1182,1260,1195,1362,1103,1204,1110,1317,1146,1174,1119,1300,1064,1175,1140,1120,987,1216,1135,1139,947,1022,992,1057,1005,1070,1048,1081,991,1182,1098,1181,970,1088,1111,1132,1015,1219,1077,1250,1105,1232,1102,1166,1241,1309
Strathfield,285,251,269,223,328,245,279,276,251,256,257,292,310,279,277,267,326,274,281,251,381,309,286,299,318,258,264,226,335,242,342,298,328,263,298,283,319,352,373,384,354,319,335,381,457,390,465,388,425,434,458,420,553,431,485,454,565,390,576,495,578,548,527,485,549,462,495,526,493,443,429,475,440,453,427,442,419,389,446,436,507,427,455,393,425,410,399,424,477,395,396,426,451,443,496,477,438,414,483
Willoughby,824,657,630,625,751,695,755,706,776,710,720,742,875,631,738,709,820,755,717,739,794,761,721,739,825,791,812,827,940,742,871,802,892,764,803,846,852,795,824,812,1046,946,812,894,1027,950,1059,1233,1204,1033,1275,1101,1271,1097,1092,1050,1256,977,1061,1000,1183,1009,1080,1021,1088,954,976,947,1002,906,913,933,983,903,890,849,989,879,947,857,928,898,886,882,961,747,873,840,933,809,846,827,903,871,858,865,992,983,1110
Outer Ring,13727,13642,13432,12948,13984,13356,14066,13263,13925,14177,14697,14064,15323,14710,15808,15408,16147,15604,16788,15277,16287,16055,17222,15953,17720,16816,17392,16498,16538,18048,18123,17112,17398,17623,18454,16815,17848,17680,18385,17798,17910,18088,18256,17185,18501,18414,19105,18348,17934,18549,19902,18787,18774,18594,20053,19769,18840,18348,18893,17968,17155,18145,18667,17865,17592,17552,18086,17499,17177,16840,17209,16338,15334,15776,16546,15498,15517,15775,15814,15054,14610,15162,16311,15300,14557,15460,16699,15501,16051,15901,17252,16451,15698,17048,17980,17160,15590,16915,17796
The Hills Shire,494,458,467,424,560,426,525,484,555,531,495,501,579,530,567,564,579,586,626,556,589,559,578,541,675,553,662,645,627,672,672,658,667,680,719,696,711,713,703,774,809,734,825,819,868,782,852,839,879,880,1123,1184,1171,1066,1156,1226,1149,1074,1105,1027,889,891,1075,1042,970,860,982,948,878,889,1008,845,794,806,900,883,820,795,899,829,760,692,903,826,766,815,849,833,888,848,933,870,865,850,980,943,864,814,999
Blacktown,1045,1046,1163,1121,1154,1078,1183,1081,1069,1219,1277,1233,1174,1324,1303,1313,1348,1278,1532,1439,1401,1544,1651,1714,1610,1630,1616,1589,1518,1722,1662,1646,1584,1735,1766,1655,1728,1646,1860,1808,1693,1825,1812,1687,1704,1772,1858,1816,1703,1992,2059,1940,1909,1943,2083,2234,2033,1959,2028,1957,1913,2076,2018,1989,1870,1976,1980,1865,1779,1731,1812,1765,1541,1599,1729,1738,1663,1606,1599,1595,1555,1694,1774,1726,1572,1715,1789,1716,1763,1686,1911,1918,1736,1902,2122,2137,1822,2062,2184
Blue Mountains,579,574,509,478,605,535,498,483,587,526,570,546,612,570,655,579,672,594,639,592,761,593,655,662,717,708,691,641,772,698,737,688,782,653,650,672,709,631,648,625,753,629,633,574,675,676,689,599,659,633,714,595,724,674,637,651,694,648,631,628,612,616,625,570,610,635,613,575,638,559,577,532,563,524,603,571,532,585,489,520,454,508,494,457,476,513,534,517,514,606,555,536,500,488,504,498,456,444,488
Camden,112,106,130,110,119,130,112,125,131,119,142,133,163,146,152,138,157,166,188,146,244,201,226,190,176,230,181,219,244,205,233,194,212,219,213,219,243,254,249,242,319,270,317,251,323,314,344,365,334,337,323,265,328,326,335,323,293,279,281,342,307,295,314,327,268,316,324,292,256,276,290,253,281,263,302,253,290,271,253,261,272,296,325,288,275,314,342,319,338,314,379,320,319,374,420,443,363,427,454
Campbelltown,803,674,779,662,787,771,853,757,825,864,922,880,865,957,995,892,1012,977,1003,947,1096,1051,1062,916,1077,933,1010,1020,990,1127,1158,1097,1042,1017,1120,996,1100,1078,1048,988,953,951,978,959,960,995,987,1018,987,894,1021,961,955,982,1069,1080,923,962,967,1020,844,1044,1091,916,924,967,858,1005,943,870,953,946,815,820,762,777,787,801,810,732,725,810,884,692,810,750,902,789,779,816,841,854,822,958,990,938,865,988,1026
Fairfield,1334,1329,1314,1290,1299,1302,1263,1201,1233,1254,1326,1215,1298,1223,1293,1299,1278,1240,1364,1185,1211,1265,1356,1259,1420,1407,1387,1378,1135,1374,1256,1317,1289,1371,1410,1378,1263,1221,1334,1303,1248,1288,1260,1214,1202,1244,1281,1265,1235,1263,1277,1290,1186,1188,1289,1348,1208,1191,1204,1149,967,1089,1135,1037,952,1000,1019,998,909,980,941,863,843,885,953,806,807,785,868,798,789,796,957,1009,912,1094,1071,1029,1024,1084,1138,1089,1037,1243,1244,1049,909,1072,1160
Gosford,1172,1134,1148,1124,1205,1217,1232,1179,1263,1313,1404,1256,1349,1350,1469,1411,1383,1492,1559,1393,1421,1459,1660,1480,1678,1608,1632,1473,1474,1670,1785,1564,1618,1679,1633,1492,1568,1621,1668,1633,1592,1656,1727,1544,1672,1614,1726,1647,1644,1733,1874,1677,1716,1658,1788,1740,1678,1630,1657,1558,1522,1721,1719,1715,1633,1553,1706,1635,1685,1689,1639,1578,1486,1545,1607,1544,1662,1625,1640,1408,1487,1516,1596,1355,1320,1372,1544,1395,1384,1449,1516,1444,1434,1447,1540,1447,1290,1447,1475
Hawkesbury,397,355,374,338,428,357,359,363,469,359,437,410,574,479,546,433,619,458,460,519,494,493,492,454,594,473,480,464,544,486,488,442,533,401,456,431,462,439,441,421,448,453,473,433,464,487,494,489,469,479,482,481,481,458,519,504,510,460,530,418,504,433,418,491,452,482,433,421,491,437,465,420,377,399,347,368,383,384,381,402,360,409,388,418,375,369,433,347,410,379,419,414,376,430,429,420,410,378,417
Holroyd,724,715,656,676,645,685,757,685,726,699,707,653,737,675,730,709,730,657,774,721,857,771,785,700,850,786,867,777,860,910,895,863,991,925,1100,921,997,1087,1017,1062,1071,1045,1012,1012,1167,1232,1168,1066,1097,1170,1163,1114,1063,1151,1169,1093,1116,1090,1186,1056,963,1144,1075,964,992,1006,1057,879,866,949,967,857,866,936,815,804,843,899,823,907,918,866,963,924,826,921,946,856,986,936,1021,979,919,987,1060,1053,884,929,1007
Hornsby,887,810,747,763,905,717,879,820,878,814,924,905,989,924,906,936,1124,981,1057,895,1115,927,1034,951,1164,945,1028,1069,1147,1039,1126,1038,1125,1066,1079,989,1181,1074,1054,1214,1088,1008,1041,946,1303,1124,1089,1121,1110,1110,1145,1087,1201,1028,1193,1168,1275,1170,1149,1036,1187,1044,1204,1122,1294,1095,1063,1058,1164,1094,1079,1048,999,889,931,903,986,959,961,889,975,826,911,850,945,803,923,940,977,863,899,903,991,923,916,911,1001,953,996
Liverpool,876,986,772,835,923,852,863,841,878,956,923,885,999,885,1081,1070,1078,1057,1203,1013,1045,1154,1094,937,1180,1054,1210,1019,1050,1265,1168,1177,1105,1160,1237,1161,1160,1201,1325,1197,1235,1296,1262,1233,1251,1217,1273,1207,1170,1297,1269,1216,1178,1233,1265,1250,1219,1177,1190,1158,1138,1222,1153,1108,1184,1157,1296,1247,1211,1020,1108,1006,1064,1033,1070,932,1018,965,946,963,976,1059,1075,1070,1040,1105,1072,999,1207,1134,1179,1094,1027,1149,1256,1224,1120,1298,1184
Penrith,1101,1141,987,957,1121,1019,1097,1052,1133,1154,1081,1095,1272,1188,1329,1279,1363,1358,1352,1311,1378,1430,1385,1437,1576,1493,1468,1361,1312,1491,1525,1390,1546,1459,1769,1329,1771,1480,1624,1373,1582,1576,1448,1347,1561,1461,1574,1321,1403,1409,1487,1415,1402,1561,1544,1430,1460,1387,1356,1303,1330,1321,1317,1338,1379,1360,1388,1221,1343,1313,1313,1275,1266,1231,1291,1173,1118,1144,1146,1137,1080,1215,1241,1190,1082,1140,1349,1191,1227,1255,1462,1343,1314,1488,1584,1431,1277,1438,1511
Pittwater,484,511,570,513,486,541,512,457,495,469,528,486,540,507,559,530,485,533,544,405,0,1,504,463,486,488,511,452,496,498,489,480,429,492,579,438,452,507,504,464,453,460,420,472,502,490,461,486,475,490,499,450,423,474,481,452,435,451,473,430,366,420,439,452,410,414,412,424,402,423,393,430,373,439,412,371,435,434,439,425,353,392,404,334,351,409,433,415,383,396,449,425,382,444,469,407,393,463,453
Sutherland,1241,1341,1342,1301,1295,1329,1374,1331,1306,1374,1398,1424,1503,1358,1489,1500,1577,1473,1602,1576,1559,1476,1663,1586,1654,1700,1692,1595,1587,1785,1803,1608,1627,1630,1700,1662,1706,1744,1816,1836,1741,1791,1837,1762,1784,1836,2044,1936,1747,1888,1955,1938,1800,1689,1961,1884,1778,1771,1824,1838,1624,1766,1793,1728,1614,1647,1755,1778,1625,1549,1677,1579,1380,1491,1668,1552,1461,1504,1560,1472,1385,1392,1463,1502,1293,1378,1513,1524,1439,1411,1493,1449,1469,1463,1551,1531,1322,1440,1445
Warringah,1414,1318,1395,1360,1354,1314,1434,1323,1281,1264,1347,1304,1363,1304,1380,1341,1367,1348,1308,1175,1713,1719,1418,1232,1294,1316,1378,1219,1259,1424,1427,1333,1316,1472,1396,1346,1328,1427,1488,1337,1389,1479,1598,1404,1500,1556,1606,1629,1468,1414,1705,1513,1585,1560,1720,1626,1472,1486,1543,1448,1411,1430,1519,1427,1360,1341,1425,1418,1240,1405,1296,1325,1165,1256,1357,1256,1160,1316,1357,1219,1211,1207,1283,1278,1183,1302,1309,1208,1194,1253,1368,1329,1122,1317,1348,1217,1251,1254,1301
Wollondilly,101,134,121,105,136,129,109,133,120,178,127,140,148,135,165,167,183,154,188,179,173,174,203,171,199,167,193,187,193,219,215,189,156,196,173,182,153,184,184,185,178,187,199,175,188,169,178,176,167,160,188,168,204,182,177,198,167,172,180,201,170,184,201,209,198,192,179,210,199,207,209,190,163,199,236,169,176,206,179,174,161,155,221,162,180,180,216,183,195,200,188,159,193,192,186,173,176,190,216
Wyong,963,1010,958,891,962,954,1016,948,976,1084,1089,998,1158,1155,1189,1247,1192,1252,1389,1225,1230,1238,1456,1260,1370,1325,1386,1390,1330,1463,1484,1428,1376,1468,1454,1248,1316,1373,1422,1336,1358,1440,1414,1353,1377,1445,1481,1368,1387,1400,1618,1493,1448,1421,1667,1562,1430,1441,1589,1399,1408,1449,1571,1430,1482,1551,1596,1525,1548,1449,1480,1426,1358,1461,1563,1398,1376,1496,1464,1323,1149,1329,1429,1219,1151,1280,1474,1240,1343,1271,1496,1325,1192,1393,1381,1338,1187,1318,1480
Rest of GMR,5164,4698,4672,4787,5690,4835,5244,5065,6345,5401,6145,5727,7428,5923,6728,6379,7859,6435,7328,6541,8607,6493,7670,7152,8844,7211,7522,7042,8533,7295,7595,7288,8649,7114,7597,7124,8538,7191,7452,7004,8329,6767,7309,6949,8309,6598,6972,6573,7446,6436,7048,6350,7538,6620,7220,6908,7674,6368,7122,6653,7447,6796,6950,6552,8092,6661,7099,6792,7858,6558,6911,6281,7277,6675,6778,6337,7400,6498,6625,6211,6811,6177,6730,6118,7388,6232,7115,6301,8122,6701,7370,6738,7942,7388,8004,7327,7945,7506,7851
Cessnock,203,224,247,183,233,234,221,262,304,299,318,305,336,314,334,296,350,358,414,315,332,277,378,449,353,388,388,372,373,351,369,392,388,377,398,394,390,372,393,380,385,375,364,340,364,340,338,293,293,343,346,320,318,397,409,392,373,380,382,405,323,398,401,365,373,350,366,377,341,400,366,393,340,355,395,366,389,319,405,365,360,436,460,463,353,419,471,418,406,452,499,505,470,536,601,618,500,529,559
Kiama,98,108,116,89,114,96,96,89,112,110,126,120,159,137,169,118,142,147,155,115,160,152,132,133,187,141,167,162,136,156,170,153,162,167,179,156,171,159,147,137,131,169,134,145,145,153,136,160,134,158,157,156,157,146,163,143,154,136,158,159,161,167,157,176,180,173,138,166,206,147,162,138,119,199,144,168,131,170,147,140,130,147,135,123,149,155,167,130,127,146,209,148,132,137,166,121,136,152,149
Lake Macquarie,959,831,776,793,944,855,975,885,1043,1016,1146,1062,1269,1131,1301,1215,1317,1273,1339,1249,1514,1303,1379,1362,1544,1338,1438,1303,1499,1466,1383,1335,1470,1322,1424,1285,1524,1363,1469,1304,1429,1297,1383,1374,1380,1270,1335,1200,1292,1290,1426,1094,1292,1290,1287,1281,1228,1144,1262,1187,1145,1240,1209,1074,1292,1179,1200,1133,1191,1064,1211,1004,1092,1162,1141,1131,1196,1100,1187,1118,1042,1068,1119,938,1175,1042,1270,1090,1214,1073,1202,1077,1161,1231,1253,1153,1215,1152,1310
Maitland,258,237,296,249,274,289,304,295,342,328,426,347,420,398,437,448,467,447,479,442,527,418,563,486,557,533,500,463,530,482,496,466,530,519,478,451,517,514,513,490,532,469,547,485,554,530,470,434,419,392,499,433,480,440,498,504,516,494,478,512,500,521,545,451,576,518,525,537,548,508,530,489,493,501,564,509,549,490,467,476,459,497,536,513,519,574,695,605,642,618,639,605,680,728,869,744,752,712,745
Newcastle,1534,1258,1302,1457,1782,1367,1484,1534,1981,1524,1772,1672,2392,1667,1879,1821,2530,1684,1993,1831,2655,1720,2022,1934,2730,1882,2077,1969,2527,1942,2097,2038,2687,1910,2046,1939,2612,1909,2070,1969,2575,1875,2017,1871,2566,1820,1973,1777,2374,1747,1858,1727,2265,1742,1967,1834,2314,1721,1902,1727,2391,1758,1916,1824,2531,1757,2029,1843,2392,1826,1919,1630,2346,1869,1899,1622,2287,1869,1838,1714,2275,1647,1866,1651,2541,1611,1918,1694,2837,1865,1904,1814,2712,2179,2276,1983,2463,2387,2316
Port Stephens,349,333,356,356,412,415,456,347,446,420,444,477,532,478,518,485,560,496,581,585,594,564,671,577,632,581,599,557,600,622,595,635,617,595,665,625,561,628,626,547,624,596,632,639,666,537,571,596,532,527,585,515,560,551,593,578,562,564,583,612,518,613,613,577,569,594,610,592,607,551,577,562,581,550,591,557,522,574,561,479,510,529,521,454,458,562,569,482,509,565,623,540,530,529,601,535,554,561,544
Shellharbour,208,225,225,233,242,221,247,200,252,279,281,271,281,287,359,293,316,390,355,330,562,389,481,390,430,428,403,390,448,439,471,444,439,404,375,417,368,467,390,388,412,390,429,376,383,398,424,402,397,414,388,411,413,359,467,453,381,391,460,387,328,378,402,404,394,418,448,451,437,376,424,406,359,408,431,345,410,414,360,369,379,350,435,367,323,392,388,342,436,375,402,395,345,408,442,417,381,441,427
Wollongong,1555,1482,1354,1427,1689,1358,1461,1453,1865,1425,1632,1473,2039,1511,1731,1703,2177,1640,2012,1674,2263,1670,2044,1821,2411,1920,1950,1826,2420,1837,2014,1825,2356,1820,2032,1857,2395,1779,1844,1789,2241,1596,1803,1719,2251,1550,1725,1711,2005,1565,1789,1694,2053,1695,1836,1723,2146,1538,1897,1664,2081,1721,1707,1681,2177,1672,1783,1693,2136,1686,1721,1659,1947,1631,1613,1639,1916,1562,1660,1550,1656,1503,1658,1609,1870,1477,1637,1540,1951,1607,1892,1647,1912,1631,1796,1753,1933,1557,1786
Rest of NSW,11881,10666,11306,10975,12805,11926,12305,11836,14078,12952,13754,13100,15759,13869,15308,14093,17352,15125,16194,14536,18525,15218,16734,15280,19297,16181,17136,15789,18516,17345,17144,15922,19116,16685,17390,15837,18819,16499,17227,15890,18796,16520,16936,15295,18531,15818,15937,15011,16780,15661,15925,14027,16929,15113,15780,15166,16736,15165,15660,14780,16166,15631,15849,14745,17476,15647,15948,15083,16975,15696,16163,15376,16688,16220,16435,15220,17917,16234,16138,15179,16762,15871,16300,14740,16668,16353,17182,15776,18497,16905,17329,16142,17360,17368,17543,16743,16954,16508,16738
New South Wales,56587,52675,53110,52108,59016,54258,57057,54347,60853,56461,60198,56929,65677,58237,63592,60150,69153,61729,67136,60866,71569,61662,67819,63419,74025,65441,69036,65356,71236,70206,71575,67667,74878,68403,72863,67766,75216,68575,72309,69244,75148,69246,70950,67397,78432,70362,73820,71293,75279,71485,76753,70543,77416,69977,76387,73175,77119,69213,74835,70827,73483,70923,73814,69584,75697,68303,72539,68847,71611,65925,69349,65666,66277,64417,67547,62867,67885,64680,67478,63370,65986,63367,68111,62948,65986,63763,69460,64155,71444,65695,71644,68158,69895,69416,73802,70056,69715,68642,73631