LGA/Ring/SD NAME,Mar-90,,Jun-90,,Sep-90,,Dec-90,,Mar-91,,Jun-91,,Sep-91,,Dec-91,,Mar-92,,Jun-92,,Sep-92,,Dec-92,,Mar-93,,Jun-93,,Sep-93,,Dec-93,,Mar-94,,Jun-94,,Sep-94,,Dec-94,,Mar-95,,Jun-95,,Sep-95,,Dec-95,,Mar-96,,Jun-96,,Sep-96,,Dec-96,,Mar-97,,Jun-97,,Sep-97,,Dec-97,,Mar-98,,Jun-98,,Sep-98,,Dec-98,,Mar-99,,Jun-99,,Sep-99,,Dec-99,,Mar-00,,Jun-00,,Sep-00,,Dec-00,,Mar-01,,Jun-01,,Sep-01,,Dec-01,,Mar-02,,Jun-02,,Sep-02,,Dec-02,,Mar-03,,Jun-03,,Sep-03,,Dec-03,,Mar-04,,Jun-04,,Sep-04,,Dec-04,,Mar-05,,Jun-05,,Sep-05,,Dec-05,,Mar-06,,Jun-06,,Sep-06,,Dec-06,,Mar-07,,Jun-07,,Sep-07,,Dec-07,,Mar-08,,Jun-08,,Sep-08,,Dec-08,,Mar-09,,Jun-09,,Sep-09,,Dec-09,,Mar-10,,Jun-10,,Sep-10,,Dec-10,,Mar-11,,Jun-11,,Sep-11,,Dec-11,,Mar-12,,Jun-12,,Sep-12,,Dec-12,,Mar-13,,Jun-13,,Sep-13,,Dec-13,,Mar-14,,Jun-14,,Sep-14,
GREATER SYDNEY,200,,200,,200,,200,,200,,200,,200,,200,,200,,200,,200,,200,,200,,200,,200,,200,,200,,200,,200,,200,,210,,200,,210,,210,,210,,210,,215,,220,,220,,220,,220,,225,,230,,230,,230,,240,,240,,240,,240,,250,,250,,250,,255,,260,,270,,260,,260,,260,,270,,260,,260,,260,,270,,260,,270,,265,,280,,270,,280,,280,,285,,280,,290,,290,,300,,300,,300,,310,,315,,320,,330,,350,,350,,360,,380,,385,,390,,390,,400,,400,,420,,420,,430,,440,,450,,450,,450,,460,,460,,460,,460,,460,,480,,460,,480,,480,,500,,480,,495,
Inner Ring,275,,290,,285,,285,,290,,290,,290,,285,,280,,290,,290,,290,,290,,300,,300,,300,,300,,310,,320,,320,,320,,340,,340,,350,,350,,350,,360,,360,,370,,380,,370,,380,,390,,390,,395,,400,,400,,420,,420,,440,,450,,460,,460,,470,,470,,480,,470,,470,,460,,470,,450,,460,,465,,470,,480,,480,,480,,480,,490,,480,,480,,500,,500,,520,,500,,535,,540,,550,,550,,600,,585,,600,,640,,670,,680,,680,,680,,690,,695,,695,,700,,725,,725,,750,,750,,795,,790,,800,,800,,800,,800,,800,,800,,840,,830,,830,,850,,850,,850,
Ashfield,220,,220,,228,,230,,220,,220,,220,,215,,235,,223,,220,,225,,230,,228,,230,,220,,223,,235,,230,,240,,240,,250,,250,,250,,250,,260,,260,,265,,260,,278,,280,,288,,280,,280,,295,,290,,300,,320,,320,,323,,340,,330,,330,,350,,330,,350,,340,,340,,350,,355,,330,,350,,320,,340,,360,,350,,360,,368,,363,,363,,370,,350,,360,,375,,380,,385,,400,,370,,430,,450,,500,,423,,485,,495,,510,,490,,485,,528,,500,,500,,525,,530,,550,,525,,545,,595,,600,,620,,593,,630,,600,,590,,600,,600,,605,,620,,618,,640,,635,
Botany Bay,220,,230,,220,,223,,230,,220,,235,,220,,210,,220,,240,,220,,233,,230,,225,,220,,220,,220,,235,,230,,250,,268,,250,,250,,243,,280,,270,,278,,255,,295,,280,,285,,278,,290,,298,,280,,300,,300,,330,,330,,340,,310,,360,,360,,348,,400,,350,,350,,360,,350,,350,,330,,370,,373,,350,,370,,350,,350,,360,,365,,370,,390,,380,,385,,370,,420,,420,,420,,450,,450,,440,,485,,450,,530,,520,,525,,550,,525,,550,,500,,570,,558,,545,,590,,585,,650,,630,,630,,650,,580,,650,,650,,650,,650,,680,,660,,690,,685,,675,
Lane Cove,300,,280,,295,,295,,290,,285,,293,,300,,280,,260,,290,,285,,283,,280,,300,,290,,300,,320,,310,,300,,320,,330,,320,,320,,350,,330,,345,,348,,350,,350,,388,,370,,380,,380,,360,,380,,375,,420,,410,,413,,410,,400,,413,,438,,430,,420,,425,,410,,400,,400,,400,,440,,408,,410,,430,,420,,435,,430,,430,,405,,420,,448,,460,,460,,450,,450,,465,,500,,495,,500,,545,,540,,550,,590,,610,,590,,595,,550,,600,,580,,593,,625,,650,,600,,598,,680,,650,,720,,650,,650,,673,,690,,698,,680,,710,,750,,700,,740,,800,s
Leichhardt,260,,278,,280,,280,,288,,288,,285,,280,,280,,285,,276,,280,,280,,285,,283,,300,,290,,300,,300,,300,,300,,320,,330,,330,,330,,330,,340,,340,,350,,360,,358,,370,,370,,390,,385,,380,,400,,400,,400,,430,,430,,450,,450,,475,,460,,450,,480,,460,,450,,473,,450,,450,,460,,470,,450,,450,,480,,475,,480,,450,,490,,480,,493,,498,,505,,525,,523,,550,,550,,550,,610,,585,,630,,650,,680,,640,,670,,650,,630,,650,,700,,710,,730,,745,,720,,780,,770,,765,,800,,793,,770,,790,,793,,800,,850,,795,,820,,850,,815,s
Marrickville,220,,220,,220,,220,,220,,220,,220,,220,,220,,230,,220,,220,,220,,220,,220,,230,,225,,230,,240,,240,,240,,250,,250,,250,,260,,255,,268,,270,,290,,280,,300,,285,,300,,300,,300,,300,,308,,300,,320,,328,,350,,350,,340,,350,,360,,350,,350,,350,,345,,340,,360,,350,,365,,350,,380,,380,,370,,390,,390,,370,,380,,380,,390,,400,,400,,400,,400,,420,,445,,450,,450,,480,,490,,515,,550,,550,,545,,550,,520,,550,,580,,600,,600,,620,,620,,650,,650,,668,,650,,680,,695,,680,,678,,690,,700,,740,,713,,733,,750,
Mosman,355,,400,,375,,430,,400,,400,,360,,370,,423,,438,,375,,390,,400,,400,,410,,400,,425,,400,,450,,475,,440,,450,,450,,473,,490,,500,,480,,455,,525,,500,,485,,500,,548,,535,,600,,540,,550,,550,,700,,665,,695,,600,,600,,645,,650,,620,,650,,630,,630,,573,,600,,620,,650,,610,,605,,600,,650,,675,,683,,650,,675,,680,,640,,695,,675,,738,,700,,715,,715,,815,,720,,820,,795,,830,,860,,840,,850,,765,,825,,795,,825,,880,,900,,873,,900,,"1,000",,950,,950,,940,,"1,000",,950,,850,,995,,"1,000",,895,,"1,075",,"1,100",,"1,100",,"1,050",s
North Sydney,330,,350,,350,,340,,350,,350,,350,,340,,350,,350,,345,,350,,333,,340,,350,,350,,350,,375,,380,,375,,390,,395,,385,,420,,430,,430,,450,,420,,450,,450,,440,,450,,450,,470,,475,,495,,480,,500,,480,,520,,520,,550,,550,,540,,550,,560,,525,,508,,525,,523,,540,,520,,500,,550,,550,,540,,550,,520,,540,,530,,530,,550,,573,,575,,570,,575,,600,,600,,620,,670,,620,,700,,680,,700,,700,,725,,700,,700,,700,,700,,740,,780,,750,,800,,800,,830,,800,,850,,850,,838,,850,,830,,840,,890,,850,,895,,870,,900,,893,s
Randwick,260,,270,,270,,270,,270,,275,,270,,279,,270,,280,,270,,270,,280,,280,,280,,280,,280,,285,,290,,300,,300,,320,,310,,320,,330,,330,,340,,340,,360,,360,,350,,360,,370,,363,,368,,373,,398,,390,,400,,420,,430,,440,,430,,440,,450,,450,,440,,438,,450,,460,,450,,450,,450,,460,,450,,460,,470,,450,,450,,450,,460,,460,,480,,480,,470,,500,,480,,500,,500,,550,,530,,550,,590,,630,,633,,630,,645,,650,,650,,650,,670,,650,,670,,708,,720,,750,,730,,740,,750,,750,,750,,750,,768,,800,,760,,760,,800,,800,,790,
Sydney,290,,300,,295,,300,,290,,300,,300,,295,,290,,300,,300,,300,,300,,310,,300,,300,,300,,320,,330,,320,,330,,340,,350,,350,,350,,370,,370,,370,,380,,375,,370,,380,,390,,400,,400,,400,,400,,440,,430,,430,,450,,475,,490,,480,,500,,495,,500,,488,,493,,490,,467,,465,,480,,500,,525,,500,,500,,500,,520,,530,,520,,550,,540,,550,,550,,573,,560,,573,,595,,650,,630,,650,,680,,700,,700,,728,,715,,728,,750,,750,,750,,750,,780,,800,,828,,838,,850,,850,,850,,855,,850,,880,,880,,895,,880,,900,,900,,930,,925,
Waverley,283,,300,,300,,283,,300,,300,,290,,300,,300,,300,,290,,300,,300,,300,,300,,320,,320,,320,,330,,340,,350,,360,,370,,395,,390,,390,,400,,400,,395,,400,,420,,440,,450,,430,,430,,443,,460,,450,,450,,500,,550,,490,,500,,530,,520,,510,,520,,510,,505,,520,,495,,480,,550,,510,,500,,550,,520,,550,,510,,510,,480,,520,,550,,573,,550,,590,,620,,640,,630,,655,,650,,700,,693,,750,,750,,800,,790,,750,,750,,800,,850,,850,,795,,880,,800,,900,,850,,950,,900,,900,,950,,950,,900,,950,,925,,900,,950,,950,,963,
Woollahra,375,,400,,360,,380,,380,,395,,380,,400,,380,,395,,380,,385,,400,,388,,380,,390,,400,,425,,400,,440,,425,,470,,480,,480,,478,,473,,450,,485,,475,,480,,500,,500,,540,,528,,510,,550,,625,,590,,565,,600,,650,,630,,650,,650,,615,,650,,675,,700,,650,,650,,620,,620,,650,,650,,675,,650,,720,,630,,650,,685,,700,,700,,670,,700,,730,,745,,750,,750,,780,,800,,800,,800,,850,,900,,850,,900,,883,,880,,950,,900,,895,,975,,960,,995,,980,,"1,100",,980,,995,,"1,000",,"1,000",,995,,"1,050",,"1,070",,"1,100",,"1,000",,"1,100",,"1,100",,"1,050",,"1,098",
Middle Ring,220,,220,,220,,220,,220,,225,,220,,220,,225,,225,,220,,220,,220,,220,,220,,220,,225,,230,,230,,230,,235,,240,,240,,250,,250,,250,,250,,255,,260,,260,,260,,260,,270,,270,,270,,270,,280,,280,,280,,285,,300,,300,,300,,300,,310,,310,,305,,300,,310,,300,,300,,300,,300,,310,,310,,320,,320,,320,,320,,325,,330,,330,,330,,335,,340,,350,,350,,360,,365,,370,,385,,400,,420,,445,,450,,450,,450,,450,,470,,470,,480,,500,,499,,500,,500,,520,,530,,530,,530,,550,,545,,550,,550,,550,,550,,560,,570,,560,,570,
Auburn,180,,180,,190,,185,,190,,180,,185,,183,,190,,185,,185,,180,,180,,180,,190,,180,,185,,185,,190,,190,,183,,180,,190,,190,,200,,200,,210,,210,,210,,210,,220,,225,,220,,220,,220,,230,,225,,230,,230,,235,,240,,240,,250,,250,,250,,250,,250,,255,,260,,260,,250,,250,,260,,250,,250,,260,,270,,260,,270,,270,,270,,280,,290,,285,,300,,300,,300,,310,,330,,320,,340,,350,,355,,390,,400,,400,,405,,400,,430,,430,,430,,430,,450,,450,,460,,470,,480,,460,,480,,480,,505,,490,,490,,500,,500,,500,,520,,500,,520,
Bankstown,190,,190,,195,,200,,200,,200,,200,,200,,200,,200,,200,,200,,195,,200,,200,,200,,200,,200,,200,,210,,210,,210,,220,,220,,220,,220,,220,,220,,220,,220,,225,,230,,230,,230,,230,,235,,235,,240,,240,,240,,250,,250,,250,,250,,255,,250,,250,,250,,250,,250,,250,,250,,255,,255,,260,,260,,260,,260,,270,,270,,270,,273,,280,,273,,280,,285,,285,,300,,300,,300,,320,,340,,350,,350,,370,,370,,380,,380,,380,,400,,400,,400,,420,,430,,420,,433,,440,,440,,450,,450,,450,,455,,453,,460,,460,,470,,480,,480,,480,
Burwood,230,,230,,228,,248,,230,,240,,225,,240,,230,,230,,230,,230,,230,,230,,220,,230,,235,,230,,230,,240,,245,,250,,250,,250,,260,,270,,260,,263,,290,,280,,290,,280,,300,,290,,300,,300,,300,,320,,310,,310,,340,,335,,350,,350,,350,,345,,340,,370,,370,,360,,355,,345,,350,,348,,360,,368,,350,,370,,360,,360,,350,,358,,385,,380,,375,,360,,425,,383,,420,,408,,450,,430,,483,,493,,480,,500,,498,,540,,500,,530,,550,,520,,555,,535,,585,,565,,568,,560,,585,,600,,590,,600,,620,,630,,650,,590,,650,,650,,650,s
Canterbury,200,,200,,200,,200,,200,,200,,200,,200,,200,,200,,200,,200,,200,,200,,200,,200,,200,,200,,200,,210,,210,,215,,220,,225,,220,,220,,230,,230,,240,,230,,240,,240,,240,,250,,250,,250,,250,,250,,250,,250,,260,,270,,280,,280,,273,,280,,280,,280,,270,,275,,280,,280,,280,,280,,280,,280,,295,,295,,290,,300,,300,,300,,300,,300,,305,,310,,330,,320,,330,,350,,350,,380,,375,,400,,420,,420,,430,,430,,450,,450,,430,,460,,460,,460,,480,,495,,480,,500,,490,,500,,500,,490,,520,,500,,520,,523,,530,,550,,540,
Canada Bay,250,,250,,250,,250,,240,,250,,250,,250,,250,,250,,250,,250,,240,,250,,250,,240,,250,,260,,260,,270,,265,,280,,280,,285,,290,,300,,315,,300,,320,,320,,323,,325,,330,,330,,340,,330,,360,,370,,360,,360,,385,,400,,385,,395,,400,,400,,400,,393,,390,,385,,400,,400,,400,,390,,380,,400,,400,,400,,420,,415,,410,,420,,420,,450,,435,,460,,450,,460,,450,,500,,530,,550,,560,,550,,620,,580,,590,,600,,600,,610,,638,,635,,650,,650,,650,,650,,680,,675,,693,,690,,693,,700,,700,,730,,720,,720,,700,,753,,730,
Hunters Hill,260,s,290,s,253,s,320,s,260,s,290,s,325,s,315,s,288,s,270,s,300,s,335,s,300,s,260,s,340,s,300,s,280,s,315,s,300,s,288,s,320,s,400,s,340,,320,s,350,,390,s,320,s,450,s,380,,383,s,355,,370,s,378,,400,,430,s,450,,410,,400,,468,s,420,s,430,,393,s,423,,445,,380,,573,s,450,,463,s,440,,480,s,490,,420,s,550,s,565,s,498,s,480,s,525,s,423,s,525,s,445,s,485,s,450,s,510,s,450,s,525,s,520,s,588,s,465,s,540,s,500,s,643,s,550,s,575,s,650,,600,s,585,s,585,s,688,s,655,s,583,s,655,s,670,s,650,s,748,s,660,s,760,s,750,s,620,s,695,s,783,s,700,s,735,s,795,s,740,s,800,,825,s,750,s,"1,050",s,780,s
Hurstville,210,,220,,213,,220,,220,,220,,210,,210,,220,,220,,220,,220,,215,,220,,220,,220,,225,,225,,230,,230,,230,,240,,240,,250,,240,,250,,250,,250,,250,,260,,270,,260,,270,,260,,270,,275,,275,,280,,280,,280,,290,,300,,300,,300,,300,,305,,310,,300,,300,,300,,300,,300,,300,,300,,310,,315,,320,,310,,310,,310,,320,,318,,325,,328,,330,,330,,340,,350,,360,,360,,370,,388,,400,,420,,420,,420,,440,,450,,450,,440,,460,,480,,470,,480,,500,,495,,510,,520,,500,,500,,515,,530,,525,,520,,540,,540,,560,,550,,545,
Kogarah,215,,220,,220,,210,,225,,220,,220,,220,,220,,230,,220,,220,,220,,215,,220,,230,,220,,230,,220,,240,,230,,228,,250,,240,,255,,250,,240,,275,,250,,265,,260,,260,,270,,275,,278,,275,,280,,275,,285,,300,,310,,300,,318,,308,,310,,320,,300,,320,,310,,320,,300,,300,,300,,320,,320,,320,,320,,340,,315,,340,,340,,333,,330,,340,,350,,360,,355,,360,,355,,380,,380,,400,,420,,450,,460,,450,,450,,470,,460,,493,,500,,500,,520,,500,,520,,530,,505,,530,,510,,550,,528,,550,,540,,550,,550,,550,,550,,550,,560,s
Ku-Ring-Gai,310,,310,,300,,300,,303,,300,,300,,300,,305,,300,,300,,295,,290,,300,,300,,300,,300,,308,,305,,320,,330,,350,,340,,363,,360,,360,,350,,370,,360,,385,,380,,390,,410,,400,,400,,400,,410,,420,,450,,438,,450,,450,,440,,450,,470,,455,,440,,448,,450,,450,,460,,430,,450,,450,,450,,458,,450,,450,,450,,450,,450,,458,,475,,480,,510,,475,,490,,500,,500,,540,,550,,550,,600,,620,,600,,615,,620,,623,,650,,620,,645,,680,,650,,700,,700,,743,,700,,705,,710,,745,,700,,720,,720,,750,,725,,750,,780,,780,,780,
Manly,300,,300,,300,,290,,300,,300,,295,,295,,300,,300,,300,,300,,300,,300,,310,,310,,320,,320,,340,,330,,340,,340,,350,,350,,350,,350,,360,,380,,380,,390,,390,,400,,400,,410,,450,,420,,450,,473,,475,,450,,470,,493,,493,,520,,540,,500,,495,,500,,520,,500,,500,,550,,550,,525,,500,,538,,550,,550,,525,,550,,575,,578,,590,,605,,593,,575,,600,,670,,660,,683,,650,,750,,670,,720,,720,,750,,740,,755,,750,,750,,850,,800,,800,,850,,850,,850,,850,,915,,855,,890,,898,,900,,950,,950,,920,,978,,910,,988,,963,
Parramatta,200,,200,,200,,200,,200,,200,,200,,200,,200,,210,,200,,200,,200,,195,,200,,200,,200,,200,,210,,210,,210,,210,,210,,220,,220,,225,,230,,230,,230,,235,,230,,240,,230,,245,,235,,240,,250,,255,,250,,260,,255,,270,,270,,275,,280,,270,,275,,270,,280,,280,,260,,270,,270,,260,,260,,270,,275,,270,,270,,280,,283,,285,,285,,290,,290,,300,,300,,310,,320,,325,,340,,350,,350,,380,,380,,400,,388,,390,,400,,410,,410,,430,,430,,440,,450,,450,,450,,460,,458,,470,,470,,473,,470,,470,,475,,480,,480,,500,,490,
Rockdale,215,,220,,220,,220,,211,,220,,220,,220,,220,,220,,220,,220,,225,,220,,220,,220,,220,,230,,230,,230,,230,,240,,243,,250,,250,,250,,250,,250,,260,,260,,260,,270,,270,,270,,270,,280,,285,,290,,290,,290,,305,,310,,310,,310,,310,,320,,320,,305,,300,,300,,300,,300,,300,,310,,320,,320,,323,,310,,323,,345,,335,,335,,340,,340,,350,,350,,350,,360,,380,,380,,395,,410,,420,,465,,460,,460,,450,,470,,460,,470,,500,,500,,500,,520,,550,,540,,550,,550,,530,,550,,540,,560,,570,,580,,550,,583,,580,,580,,600,
Ryde,238,,240,,240,,245,,240,,245,,235,,240,,240,,240,,240,,230,,238,,240,,240,,230,,240,,240,,240,,248,,255,,260,,270,,270,,270,,275,,280,,280,,290,,285,,290,,290,,300,,300,,305,,310,,320,,320,,330,,330,,340,,350,,345,,350,,340,,360,,350,,358,,350,,350,,360,,350,,350,,355,,360,,360,,363,,360,,370,,360,,360,,380,,380,,370,,375,,390,,400,,405,,415,,410,,440,,450,,460,,480,,490,,498,,500,,485,,500,,500,,520,,550,,540,,550,,550,,580,,580,,570,,595,,598,,590,,580,,580,,580,,620,,620,,600,,610,,630,
Strathfield,250,,230,,230,,230,,250,,250,,235,,230,,250,,240,,240,,220,,233,,230,,220,,225,,250,,230,,225,,235,,238,,238,,260,,245,,260,,255,,250,,300,,300,,268,,280,,280,,320,,300,,320,,320,,298,,320,,340,,320,,323,,330,,345,,340,,370,,360,,340,,320,,330,,320,,330,,330,,330,,340,,340,,340,,350,,350,,330,,360,,340,,350,,340,,363,,350,,370,,375,,365,,400,,400,,420,,450,,450,,485,,485,,480,,495,,500,,478,,510,,479,,520,,520,,532,,550,,550,,550,,535,,550,,570,,590,,570,,560,,580,,540,,550,,550,,580,,575,
Willoughby,300,,310,,300,,300,,300,,300,,300,,300,,300,,300,,300,,300,,300,,310,,300,,300,,320,,320,,330,,340,,330,,350,,350,,350,,360,,360,,380,,380,,380,,390,,400,,390,,420,,420,,430,,420,,423,,430,,450,,450,,460,,495,,475,,460,,480,,493,,490,,480,,480,,470,,473,,470,,480,,500,,493,,500,,510,,500,,500,,485,,520,,520,,510,,520,,550,,530,,520,,595,,550,,640,,630,,650,,680,,700,,680,,700,,700,,690,,680,,690,,705,,750,,750,,720,,750,,798,,725,,760,,778,,800,,795,,850,,760,,800,,845,,793,,840,,925,,897,
Outer Ring,170,,170,,175,,175,,175,,175,,175,,180,,180,,180,,180,,180,,180,,175,,175,,175,,180,,180,,180,,180,,180,,180,,180,,180,,185,,185,,185,,185,,190,,190,,190,,190,,190,,195,,200,,200,,200,,200,,200,,210,,210,,215,,220,,220,,220,,220,,220,,225,,230,,230,,230,,230,,230,,230,,230,,240,,240,,240,,240,,240,,250,,250,,250,,250,,250,,255,,260,,260,,270,,270,,280,,290,,295,,300,,320,,320,,330,,330,,340,,350,,350,,350,,360,,380,,380,,380,,380,,390,,390,,390,,400,,400,,400,,400,,400,,410,,420,,420,,420,
The Hills Shire,225,,230,,230,,230,,230,,235,,230,,233,,230,,240,,230,,230,,230,,230,,230,,240,,230,,240,,240,,250,,240,,250,,245,,250,,260,,255,,260,,263,,260,,270,,270,,280,,280,,285,,290,,290,,290,,295,,300,,300,,310,,310,,320,,310,,320,,310,,310,,300,,310,,310,,300,,300,,300,,310,,310,,300,,310,,310,,305,,315,,320,,320,,325,,325,,330,,330,,330,,340,,350,,360,,373,,380,,390,,410,,420,,430,,420,,430,,440,,450,,450,,465,,480,,475,,480,,480,,500,,500,,500,,510,,520,,512,,520,,520,,530,,550,,550,,560,,555,
Blacktown,165,,165,,165,,165,,170,,165,,170,,165,,165,,170,,170,,170,,170,,170,,170,,170,,170,,170,,170,,170,,170,,175,,175,,175,,180,,180,,180,,180,,180,,180,,185,,185,,185,,185,,190,,190,,190,,195,,200,,200,,200,,200,,210,,210,,210,,215,,215,,220,,220,,220,,220,,220,,220,,220,,220,,225,,225,,225,,230,,230,,230,,230,,230,,240,,240,,240,,245,,250,,250,,260,,260,,280,,280,,300,,310,,320,,320,,320,,335,,340,,350,,350,,360,,360,,365,,365,,370,,380,,380,,380,,385,,390,,390,,385,,390,,400,,400,,400,,400,
Blue Mountains,145,,150,,150,,140,,150,,150,,150,,160,,155,,155,,155,,160,,160,,160,,160,,160,,160,,160,,160,,160,,165,,163,,160,,165,,165,,165,,170,,170,,165,,170,,175,,175,,170,,175,,180,,180,,185,,180,,190,,195,,190,,200,,200,,200,,200,,203,,200,,210,,210,,208,,210,,220,,220,,220,,220,,225,,220,,220,,225,,220,,220,,225,,220,,233,,230,,230,,238,,230,,240,,245,,250,,260,,260,,270,,270,,280,,280,,290,,280,,300,,300,,315,,320,,330,,340,,340,,343,,350,,350,,350,,350,,360,,360,,350,,370,,380,,380,,395,,380,
Camden,180,,175,,178,,175,,185,,180,,180,,183,,185,,180,,185,,180,,180,,180,,180,,175,,180,,180,,180,,180,,180,,180,,180,,180,,185,,185,,185,,188,,190,,190,,190,,200,,195,,200,,200,,210,,200,,200,,210,,210,,215,,220,,215,,220,,220,,225,,230,,225,,225,,230,,240,,240,,240,,243,,240,,248,,240,,250,,250,,250,,250,,250,,250,,255,,253,,260,,260,,270,,270,,275,,290,,300,,300,,310,,320,,330,,340,,340,,350,,360,,378,,380,,378,,380,,385,,390,,390,,400,,410,,408,,420,,415,,410,,430,,420,,420,,420,,430,,440,
Campbelltown,165,,170,,170,,170,,170,,170,,170,,170,,170,,170,,165,,170,,165,,165,,165,,165,,165,,165,,165,,165,,165,,165,,170,,170,,170,,170,,170,,175,,170,,175,,175,,175,,175,,175,,175,,175,,175,,180,,180,,185,,185,,185,,190,,190,,190,,190,,190,,190,,190,,200,,200,,200,,200,,210,,210,,215,,210,,210,,215,,210,,220,,220,,220,,220,,220,,220,,230,,230,,230,,240,,240,,250,,260,,270,,280,,283,,290,,300,,300,,310,,320,,325,,340,,340,,350,,350,,350,,360,,360,,360,,360,,368,,370,,370,,365,,370,,380,,385,,390,
Fairfield,170,,170,,170,,170,,175,,175,,175,,180,,175,,175,,175,,180,,175,,175,,175,,175,,175,,180,,180,,180,,180,,180,,180,,185,,185,,185,,185,,185,,190,,190,,190,,190,,190,,190,,195,,190,,195,,197,,199,,200,,200,,210,,210,,205,,210,,215,,210,,215,,220,,220,,220,,220,,220,,220,,220,,220,,220,,230,,230,,230,,230,,240,,240,,240,,240,,250,,250,,250,,260,,270,,270,,280,,285,,300,,320,,330,,340,,340,,350,,350,,360,,380,,380,,380,,390,,390,,400,,390,,400,,400,,400,,400,,400,,400,,410,,420,,420,,420,,430,
Gosford,165,,170,,165,,170,,170,,170,,170,,170,,175,,175,,175,,175,,175,,175,,175,,175,,175,,180,,180,,180,,180,,180,,180,,180,,185,,185,,180,,185,,185,,190,,190,,190,,190,,200,,200,,200,,200,,200,,210,,210,,220,,220,,220,,220,,220,,220,,220,,225,,230,,230,,230,,233,,235,,240,,240,,245,,245,,250,,250,,250,,255,,255,,258,,260,,260,,263,,270,,268,,275,,275,,280,,290,,295,,300,,300,,310,,315,,320,,323,,330,,340,,340,,340,,350,,360,,360,,360,,370,,370,,380,,380,,380,,390,,390,,390,,390,,400,,400,,400,
Hawkesbury,170,,170,,170,,170,,175,,175,,175,,180,,178,,175,,175,,170,,175,,170,,165,,170,,170,,173,,170,,175,,175,,175,,175,,175,,175,,180,,175,,180,,180,,180,,180,,180,,180,,185,,185,,185,,185,,190,,190,,195,,190,,200,,200,,205,,200,,210,,210,,210,,220,,220,,230,,230,,225,,230,,230,,235,,240,,240,,235,,235,,245,,250,,245,,250,,250,,250,,250,,253,,260,,270,,265,,270,,280,,288,,300,,300,,300,,320,,320,,330,,340,,345,,350,,350,,350,,360,,370,,378,,370,,380,,370,,380,,380,,383,,380,,400,,400,,410,,420,
Holroyd,180,,180,,185,,185,,190,,185,,185,,180,,180,,180,,180,,180,,180,,180,,180,,180,,180,,190,,185,,190,,190,,190,,195,,190,,200,,200,,200,,210,,200,,210,,210,,210,,220,,220,,220,,220,,220,,220,,230,,235,,240,,240,,240,,240,,250,,250,,250,,250,,240,,250,,240,,250,,248,,250,,250,,250,,255,,250,,255,,260,,260,,265,,260,,260,,265,,270,,280,,280,,290,,300,,300,,325,,320,,350,,350,,360,,360,,368,,375,,380,,380,,390,,410,,400,,410,,420,,420,,435,,440,,430,,440,,435,,445,,450,,450,,460,,450,,455,,460,
Hornsby,230,,230,,240,,230,,240,,235,,230,,230,,235,,240,,235,,230,,240,,230,,230,,240,,240,,240,,240,,250,,250,,250,,255,,260,,265,,265,,270,,270,,270,,280,,280,,283,,280,,285,,295,,300,,300,,300,,310,,320,,320,,323,,320,,330,,330,,330,,330,,330,,330,,340,,330,,330,,330,,340,,340,,350,,345,,348,,340,,350,,345,,350,,350,,350,,350,,360,,360,,370,,380,,390,,395,,420,,420,,450,,450,,450,,450,,450,,450,,475,,480,,500,,500,,500,,520,,520,,525,,530,,550,,550,,540,,550,,550,,560,,570,,560,,568,,585,,580,
Liverpool,170,,160,,165,,170,,170,,175,,170,,180,,175,,175,,180,,180,,180,,175,,180,,180,,180,,180,,180,,185,,185,,190,,190,,195,,195,,200,,200,,200,,200,,200,,205,,200,,200,,205,,210,,210,,210,,210,,215,,220,,220,,225,,220,,225,,225,,230,,230,,225,,230,,235,,230,,235,,235,,240,,240,,245,,240,,240,,245,,250,,250,,250,,255,,260,,260,,260,,270,,275,,280,,280,,290,,310,,310,,320,,345,,345,,350,,350,,360,,375,,380,,380,,383,,400,,400,,400,,410,,410,,420,,410,,410,,420,,430,,420,,420,,430,,440,,440,,450,
Penrith,165,,165,,170,,170,,170,,170,,170,,170,,170,,175,,170,,170,,170,,175,,170,,170,,170,,175,,175,,175,,175,,175,,175,,180,,175,,175,,180,,180,,180,,180,,185,,180,,185,,185,,185,,190,,190,,190,,190,,200,,200,,200,,205,,210,,210,,210,,210,,210,,220,,220,,220,,220,,220,,220,,220,,230,,220,,230,,230,,230,,230,,230,,235,,240,,240,,240,,245,,250,,250,,255,,260,,270,,270,,280,,295,,295,,300,,300,,320,,320,,330,,330,,340,,350,,350,,355,,360,,360,,360,,370,,370,,370,,380,,380,,380,,380,,390,,390,,395,
Pittwater,280,,280,,280,,280,,285,,280,,270,,280,,288,,285,,280,,280,,283,,285,,288,,280,,295,,300,,290,,300,,-,,-,,330,,320,,330,,330,,338,,340,,350,,350,,350,,360,,370,,370,,360,,380,,380,,385,,393,,395,,400,,420,,420,,420,,425,,438,,420,,430,,450,,450,,433,,450,,450,,450,,450,,450,,450,,475,,460,,480,,495,,490,,500,,480,,500,,520,,530,,535,,540,,560,,550,,595,,600,,600,,600,,620,,600,,600,,600,,650,,678,,660,,693,,700,,700,,700,,695,,790,,700,,750,,750,,750,,750,,745,,750,,798,,813,,800,,800,
Sutherland Shire,230,,230,,230,,235,,230,,240,,240,,240,,240,,240,,240,,240,,250,,240,,240,,240,,250,,245,,250,,250,,250,,250,,260,,260,,260,,260,,260,,265,,265,,270,,270,,280,,280,,280,,285,,290,,290,,300,,300,,310,,315,,320,,320,,320,,320,,330,,330,,330,,330,,330,,330,,338,,330,,340,,340,,350,,350,,350,,350,,350,,350,,360,,350,,360,,363,,370,,370,,380,,390,,400,,410,,420,,430,,450,,460,,470,,470,,480,,480,,500,,520,,528,,520,,533,,540,,550,,550,,560,,560,,575,,560,,560,,580,,570,,580,,600,,600,,600,,600,
Warringah,270,,278,,270,,270,,270,,270,,270,,280,,280,,280,,275,,280,,275,,280,,280,,280,,280,,300,,285,,300,,310,,315,,315,,325,,325,,325,,330,,340,,350,,350,,348,,350,,350,,360,,360,,370,,375,,375,,380,,400,,400,,420,,410,,420,,430,,430,,420,,420,,430,,450,,430,,443,,435,,425,,430,,450,,450,,450,,460,,460,,460,,465,,473,,480,,473,,490,,500,,530,,545,,550,,550,,560,,580,,600,,600,,630,,640,,620,,620,,625,,650,,675,,650,,680,,700,,690,,700,,720,,700,,703,,700,,725,,750,,750,,748,,775,,760,,795,,795,
Wollondilly,145,,148,,145,,150,,150,,150,,150,,150,,155,,155,,160,,160,,150,,160,,155,,155,,155,,155,,155,,155,,160,,160,,160,,160,,160,,165,,160,,165,,165,,165,,170,,165,,170,,165,,165,,175,,170,,175,,180,,180,,180,,185,,185,,190,,195,,200,,200,,200,,200,,205,,210,,210,,210,,220,,210,,215,,220,,215,,230,,220,,220,,230,,235,,230,,225,,233,,235,,230,,240,,240,,250,,260,,260,,270,,270,,280,,280,,285,,290,,290,,300,,300,,330,,328,,340,,350,,320,,330,,350,,350,,373,,370,,380,,370,,370,,380,,380,,390,,380,
Wyong,148,,150,,150,,150,,150,,150,,150,,150,,150,,150,,150,,150,,150,,150,,150,,160,,155,,160,,155,,160,,160,,160,,160,,160,,160,,160,,165,,165,,165,,165,,170,,170,,170,,170,,170,,175,,180,,180,,180,,180,,185,,185,,190,,190,,190,,190,,195,,190,,200,,200,,200,,200,,200,,210,,210,,210,,210,,220,,220,,220,,220,,225,,220,,230,,230,,230,,230,,238,,240,,245,,245,,250,,260,,260,,270,,270,,275,,280,,280,,290,,290,,300,,300,,313,,310,,320,,320,,325,,330,,340,,340,,340,,340,,350,,350,,350,,350,,360,,370,
Rest of GMR,150,,150,,150,,160,,160,,160,,160,,160,,160,,160,,160,,160,,160,,160,,155,,160,,160,,160,,155,,160,,160,,160,,160,,160,,160,,160,,160,,160,,165,,160,,165,,165,,165,,165,,165,,170,,170,,170,,170,,170,,175,,175,,175,,180,,180,,180,,185,,190,,190,,195,,200,,200,,210,,215,,220,,220,,230,,225,,230,,230,,240,,240,,240,,245,,250,,250,,250,,255,,260,,265,,270,,275,,290,,290,,295,,300,,300,,310,,310,,320,,330,,330,,330,,343,,350,,350,,350,,360,,370,,370,,375,,375,,380,,380,,370,,375,,380,,380,,380,
Cessnock,120,,120,,130,,125,,133,,130,,140,,135,,130,,135,,140,,135,,140,,140,,135,,140,,135,,135,,135,,140,,135,,140,,135,,138,,135,,140,,140,,135,,135,,140,,140,,140,,140,,140,,140,,140,,140,,140,,140,,140,,145,,140,,145,,145,,150,,145,,150,,150,,155,,160,,160,,165,,165,,170,,175,,180,,180,,180,,185,,180,,180,,190,,190,,190,,195,,190,,190,,200,,200,,210,,210,,225,,220,,230,,238,,240,,250,,250,,250,,270,,270,,273,,280,,293,,300,,300,,300,,313,,300,,320,,330,,340,,320,,320,,310,,300,,300,,300,,300,
Kiama,150,,155,,160,,165,,165,,170,,165,,160,,165,,168,,160,,160,,170,,165,,163,,165,,165,,170,,170,,175,,175,,175,,180,,173,,180,,178,,180,,180,,180,,180,,180,,180,,180,,190,,190,,190,,190,,190,,200,,200,,210,,210,,200,,210,,220,,230,,220,,240,,230,,240,,240,,250,,260,,250,,250,,260,,250,,265,,260,,260,,270,,270,,263,,265,,270,,280,,283,,280,,280,,290,,295,,300,,310,,315,,320,,330,,340,,330,,330,,340,,350,,360,,360,,390,,393,,390,,400,,410,,400,,390,,395,,425,,435,,438,,420,,435,,440,,450,,440,
Lake Macquarie,150,,155,,160,,160,,160,,160,,165,,160,,160,,160,,160,,160,,160,,160,,155,,155,,150,,155,,155,,150,,155,,155,,155,,155,,155,,160,,160,,160,,160,,160,,160,,160,,160,,165,,165,,165,,165,,165,,170,,170,,170,,175,,175,,175,,180,,180,,175,,180,,185,,190,,190,,198,,200,,200,,210,,210,,220,,220,,225,,230,,230,,240,,240,,240,,243,,250,,250,,250,,260,,260,,270,,275,,280,,290,,290,,295,,300,,300,,300,,320,,330,,325,,325,,340,,350,,350,,350,,350,,360,,360,,375,,370,,375,,370,,375,,380,,375,,380,,380,s
Maitland,138,,140,,140,,150,,150,,155,,160,,160,,160,,160,,160,,160,,160,,150,,150,,150,,150,,150,,150,,150,,150,,150,,150,,150,,150,,150,,150,,150,,150,,150,,155,,160,,160,,160,,155,,155,,160,,160,,160,,160,,160,,160,,160,,160,,160,,160,,165,,170,,165,,175,,175,,175,,180,,190,,195,,200,,200,,200,,210,,210,,220,,220,,220,,230,,230,,230,,235,,235,,240,,240,,250,,260,,265,,270,,280,,280,,280,,285,,290,,290,,290,,300,,320,,320,,320,,330,,330,,335,,340,,340,,350,,350,,350,,350,,340,,330,,335,,330,,330,
Newcastle,150,,155,,160,,160,,170,,170,,165,,160,,165,,160,,160,,160,,160,,160,,155,,160,,160,,155,,155,,160,,160,,160,,160,,160,,160,,160,,160,,160,,165,,165,,165,,165,,170,,170,,170,,170,,170,,170,,170,,180,,180,,175,,180,,180,,185,,180,,185,,190,,200,,200,,200,,210,,220,,220,,230,,230,,240,,230,,235,,250,,250,,250,,250,,260,,260,,265,,270,,276,,290,,290,,285,,300,,320,,320,,320,,320,,331,,340,,350,,340,,350,,360,,360,,370,,380,,390,,395,,385,,400,,400,,401,,405,,420,,415,,400,,410,,420,,408,,400,
Port Stephens,140,,145,,140,,150,,150,,150,,150,,150,,155,,155,,150,,150,,150,,150,,150,,150,,150,,150,,150,,145,,150,,150,,150,,148,,150,,150,,150,,150,,150,,150,,150,,150,,155,,160,,151,,160,,155,,155,,160,,160,,160,,165,,165,,165,,165,,170,,170,,170,,175,,180,,180,,185,,200,,200,,200,,210,,200,,210,,220,,220,,220,,220,,225,,230,,230,,225,,230,,240,,240,,250,,240,,250,,250,,265,,265,,270,,275,,275,,280,,290,,293,,300,,300,,320,,320,,320,,320,,340,,350,,350,,340,,350,,350,,350,,340,,350,,350,,355,,350,
Shellharbour,155,,155,,155,,160,,160,,160,,165,,165,,165,,165,,160,,165,,163,,165,,165,,165,,165,,165,,165,,165,,170,,170,,170,,170,,170,,175,,170,,170,,175,,170,,170,,170,,170,,170,,175,,175,,175,,175,,180,,185,,180,,185,,185,,190,,190,,195,,195,,200,,200,,210,,210,,220,,220,,230,,230,,230,,240,,230,,235,,230,,240,,235,,240,,240,,250,,243,,250,,255,,255,,265,,260,,268,,280,,280,,300,,300,,300,,310,,320,,310,,330,,320,,350,,340,,350,,350,,350,,360,,363,,360,,370,,370,,380,,380,,380,,380,,390,,395,,390,
Wollongong,160,,160,,160,,160,,165,,165,,170,,170,,170,,170,,170,,168,,170,,170,,170,,170,,170,,170,,170,,175,,175,,175,,180,,180,,185,,180,,180,,180,,185,,180,,180,,180,,190,,180,,180,,185,,190,,190,,190,,200,,200,,200,,205,,210,,220,,220,,220,,230,,240,,230,,235,,240,,245,,245,,248,,250,,260,,250,,250,,260,,270,,260,,265,,270,,280,,280,,275,,280,,290,,295,,300,,300,,320,,310,,320,,330,,325,,340,,343,,350,,370,,350,,370,,383,,395,,400,,395,,395,,400,,400,,400,,390,,410,,400,,400,,405,,430,,410,,428,
Rest of NSW,140,,140,,140,,140,,144,,140,,145,,145,,150,,150,,150,,150,,150,,150,,150,,150,,150,,150,,150,,150,,150,,150,,150,,150,,150,,150,,150,,150,,150,,150,,150,,150,,150,,150,,150,,155,,155,,155,,155,,155,,160,,160,,160,,160,,160,,160,,165,,170,,170,,175,,175,,180,,180,,185,,190,,190,,200,,200,,200,,200,,205,,200,,210,,210,,215,,220,,220,,220,,225,,230,,230,,230,,240,,240,,245,,250,,250,,250,,255,,260,,265,,270,,275,,280,,280,,290,,290,,300,,300,,300,,300,,300,,300,,300,,300,,300,,310,,300,,300,
New South Wales,170,,170,,175,,175,,175,,175,,175,,175,,175,,175,,175,,175,,175,,170,,170,,170,,170,,170,,175,,175,,175,,175,,175,,175,,175,,180,,180,,180,,180,,180,,180,,185,,185,,185,,185,,190,,190,,190,,190,,200,,200,,200,,200,,210,,210,,210,,220,,220,,220,,220,,225,,230,,230,,230,,230,,240,,240,,240,,240,,245,,250,,250,,250,,250,,250,,260,,260,,265,,270,,270,,280,,290,,295,,300,,310,,320,,320,,320,,330,,340,,345,,350,,350,,360,,360,,365,,370,,380,,380,,380,,380,,390,,390,,385,,390,,395,,400,,400,,400,